INSERT INTO instructors (ID, BIRTHDAY, SURNAME, NAME) VALUES ('TRAINER-1', '2021-05-11', 'Adler', 'Michael');
INSERT INTO instructors (ID, BIRTHDAY, SURNAME, NAME) VALUES ('TRAINER-2', '2021-05-11', 'Allison', 'Norman');
INSERT INTO instructors (ID, BIRTHDAY, SURNAME, NAME) VALUES ('TRAINER-3', '2021-05-11', 'King', 'Stephen');
INSERT INTO instructors (ID, BIRTHDAY, SURNAME, NAME) VALUES ('TRAINER-4', '2021-05-11', 'McGovern', 'Henry');
INSERT INTO instructors (ID, BIRTHDAY, SURNAME, NAME) VALUES ('TRAINER-5', '2021-05-11', 'Roy', 'Steve');
INSERT INTO events (ID, DESCRIPTION, END_DATE, START_DATE, TITLE) VALUES ('EVENT-1', 'Without description', '2021-05-07 18:00:23.000000', '2021-05-03 08:08:17.000000', 'FreeWeek');
INSERT INTO events (ID, DESCRIPTION, END_DATE, START_DATE, TITLE) VALUES ('EVENT-2', 'Without description', '2021-05-14 18:00:23.000000', '2021-05-10 08:08:17.000000', 'Project');
INSERT INTO events (ID, DESCRIPTION, END_DATE, START_DATE, TITLE) VALUES ('EVENT-3', 'Without description', '2021-05-21 18:00:23.000000', '2021-05-17 08:08:17.000000', 'Seminar 1');
INSERT INTO events (ID, DESCRIPTION, END_DATE, START_DATE, TITLE) VALUES ('EVENT-4', 'Without description', '2021-05-28 18:00:23.000000', '2021-05-24 08:08:17.000000', 'Seminar 2');
INSERT INTO events (ID, DESCRIPTION, END_DATE, START_DATE, TITLE) VALUES ('EVENT-5', 'Without description', '2021-05-14 18:00:23.000000', '2021-05-10 08:08:17.000000', 'FreeWeek');
INSERT INTO instructors_events (INSTRUCTOR_ENTITY_ID, EVENTS_ID) VALUES ('TRAINER-1', 'EVENT-1');
INSERT INTO instructors_events (INSTRUCTOR_ENTITY_ID, EVENTS_ID) VALUES ('TRAINER-1', 'EVENT-2');
INSERT INTO instructors_events (INSTRUCTOR_ENTITY_ID, EVENTS_ID) VALUES ('TRAINER-1', 'EVENT-3');
INSERT INTO instructors_events (INSTRUCTOR_ENTITY_ID, EVENTS_ID) VALUES ('TRAINER-1', 'EVENT-4');
INSERT INTO instructors_events (INSTRUCTOR_ENTITY_ID, EVENTS_ID) VALUES ('TRAINER-2', 'EVENT-5');
